{"timestamps": [1549678914.439448, 1549678920.850432, 1549678934.283686, 1549678935.32435, 1549678936.711491, 1549678949.497201, 1549678950.628927, 1549678951.498688, 1549678952.775545, 1549678971.878917, 1549678973.439791, 1549678974.681442, 1549678994.617115, 1549678995.632529, 1549678996.631378, 1549678997.407555, 1549678998.002739, 1549679022.732201, 1549679023.50708, 1549679024.199241, 1549679024.899224, 1549679025.605768, 1549679053.322525, 1549679054.044332, 1549679054.752922, 1549679055.540532, 1549679056.229935, 1549679057.156643, 1549679091.982283, 1549679093.488644, 1549679094.831058, 1549679135.623629, 1549679136.431801, 1549679137.318441, 1549679138.20753, 1549679138.902044, 1549679193.142949, 1549679193.930053, 1549679195.011768, 1549679195.749087, 1549679196.550279, 1549679197.272791, 1549679252.658424, 1549679253.423108, 1549679254.126997, 1549679254.833474, 1549679255.536224, 1549679256.212915, 1549679306.302137, 1549679307.017123, 1549679307.809105, 1549679308.519432, 1549679309.238582, 1549679309.927867, 1549679364.852907, 1549679365.613904, 1549679366.349513, 1549679367.131611, 1549679367.849528, 1549679425.82607, 1549679426.531266, 1549679427.253753, 1549679427.949274, 1549679428.649638, 1549679429.704864], "initial_reset_timestamp": 1549678904.044488, "episode_types": ["t", "t", "t", "t", "t", "t", "t", "t", "t", "t", "t", "t", "t", "t", "t", "t", "t", "t", "t", "t", "t", "t", "t", "t", "t", "t", "t", "t", "t", "t", "t", "t", "t", "t", "t", "t", "t", "t", "t", "t", "t", "t", "t", "t", "t", "t", "t", "t", "t", "t", "t", "t", "t", "t", "t", "t", "t", "t", "t", "t", "t", "t", "t", "t", "t", "t"], "episode_lengths": [192, 74, 179, 48, 61, 90, 54, 42, 43, 68, 76, 58, 48, 44, 48, 39, 29, 36, 36, 34, 35, 33, 36, 33, 34, 35, 33, 31, 40, 70, 64, 68, 34, 35, 34, 33, 34, 33, 35, 26, 34, 28, 34, 35, 34, 34, 34, 34, 36, 33, 36, 35, 35, 33, 34, 34, 34, 35, 35, 35, 33, 33, 33, 34, 34], "episode_rewards": [280.39784240722656, -74.22654724121094, -48.35176086425781, 185.2295684814453, 295.80418395996094, 144.22906494140625, 189.8175048828125, -115.92678833007812, 51.55799865722656, 108.73353576660156, -16.586151123046875, 157.47296142578125, -115.96804809570312, 801.2738189697266, 203.66595458984375, 140.95257568359375, 542.590087890625, 2278.5218505859375, 2280.452178955078, 2276.049575805664, 2282.7373657226562, 2283.0686645507812, 2277.1343994140625, 2279.916702270508, 2276.9403076171875, 2280.278610229492, 1113.4493255615234, 1080.1181945800781, 309.476806640625, -115.99943542480469, -115.98429870605469, 1163.0406341552734, 2277.381607055664, 2278.942428588867, 2276.463333129883, 2276.0086517333984, 2276.5936126708984, 2278.3297271728516, 2277.9744567871094, 804.0440521240234, 2285.0231323242188, 962.1000823974609, 2278.320999145508, 2276.176788330078, 2282.2157135009766, 1171.8272705078125, 2282.7832794189453, 2283.8771057128906, 2282.3563385009766, 2278.9385833740234, 2277.6985931396484, 2277.5049591064453, 2284.1644134521484, 2279.6111755371094, 2283.8816986083984, 2277.0209350585938, 2281.863327026367, 2282.7984771728516, 2280.962387084961, 2278.688446044922, 2278.7129974365234, 2277.9508666992188, 2276.641586303711, 2278.288787841797, 2277.2125701904297]}